timestamp,hour,temp,humidity,ir,label
2026-09-26T11:35:56.418073,11,30.7,69.2,1,normal
2026-09-26T11:35:58.442702,11,30.7,69.2,1,normal
2026-09-26T11:36:00.467213,11,30.7,69.2,1,normal
2026-09-26T11:36:02.492840,11,30.7,69.2,1,normal
2026-09-26T11:36:04.517404,11,30.7,69.2,1,normal
2026-09-26T11:36:06.543489,11,30.7,69.2,1,normal
2026-09-26T11:36:08.568697,11,30.7,69.2,1,normal
2026-09-26T11:36:10.593384,11,30.7,69.1,1,normal
2026-09-26T11:36:12.618936,11,30.7,69.1,1,normal
2026-09-26T11:36:14.644144,11,30.7,69.1,1,normal
2026-09-26T11:36:16.669516,11,30.7,69.1,1,normal
2026-09-26T11:36:18.694665,11,30.7,69.1,1,normal
2026-09-26T11:36:20.718984,11,30.7,69.1,1,normal
2026-09-26T11:36:22.744965,11,30.7,69.1,1,normal
2026-09-26T11:36:24.770065,11,30.7,69,1,normal
2026-09-26T11:36:26.795612,11,30.7,69,1,normal
2026-09-26T11:36:28.820746,11,30.7,69.1,1,normal
2026-09-26T11:36:30.844887,11,30.7,69,1,normal
2026-09-26T11:36:32.869663,11,30.7,69,1,normal
2026-09-26T11:36:34.896035,11,30.7,69,1,normal
2026-09-26T11:36:36.921021,11,30.7,69,1,normal
2026-09-26T11:36:38.945827,11,30.7,69,1,normal
2026-09-26T11:36:40.971482,11,30.7,69,1,normal
2026-09-26T11:36:42.995823,11,30.7,69,1,normal
2026-09-26T11:36:45.020295,11,30.7,69,1,normal
2026-09-26T11:36:47.046606,11,30.7,69,1,normal
2026-09-26T11:36:49.071316,11,30.7,69,1,normal
2026-09-26T11:36:51.096786,11,30.7,69,1,normal
2026-09-26T11:36:53.122149,11,30.7,69,1,normal
2026-09-26T11:36:55.146731,11,30.7,69,1,normal
2026-09-26T11:36:57.172028,11,30.7,69,1,normal
2026-09-26T11:36:59.197333,11,30.7,69.1,1,normal
2026-09-26T11:37:01.222217,11,30.7,69,1,normal
2026-09-26T11:37:03.247152,11,30.7,69,1,normal
2026-09-26T11:37:05.272177,11,30.7,69,1,normal
2026-09-26T11:37:07.297753,11,30.7,69.1,1,normal
2026-09-26T11:37:09.322806,11,30.7,69.1,1,normal
2026-09-26T11:37:11.348124,11,30.7,69.1,1,normal
2026-09-26T11:37:13.373056,11,30.7,69.1,1,normal
2026-09-26T11:37:15.398623,11,30.7,69.1,1,normal
2026-09-26T11:37:17.423795,11,30.6,69.1,1,normal
2026-09-26T11:37:19.449348,11,30.6,69.1,1,normal
2026-09-26T11:37:21.474055,11,30.6,69.1,1,normal
2026-09-26T11:37:23.499544,11,30.6,69.1,1,normal
2026-09-26T11:37:25.524162,11,30.6,69.1,1,normal
2026-09-26T11:37:27.549982,11,30.6,69.1,1,normal
2026-09-26T11:37:29.574849,11,30.6,69.2,1,normal
2026-09-26T11:37:31.599797,11,30.6,69.2,1,normal
2026-09-26T11:37:33.624623,11,30.6,69.2,1,normal
2026-09-26T11:37:35.649841,11,30.6,69.2,1,normal
2026-09-26T11:37:37.673944,11,30.6,69.2,1,normal
2026-09-26T11:37:39.699191,11,30.6,69.2,1,normal
2026-09-26T11:37:41.723656,11,30.6,69.2,1,normal
2026-09-26T11:37:43.748750,11,30.6,69.3,1,normal
2026-09-26T11:37:45.773718,11,30.6,69.3,1,normal
2026-09-26T11:37:47.798897,11,30.6,69.3,1,normal
2026-09-26T11:37:49.823984,11,30.6,69.3,1,normal
2026-09-26T11:37:51.849658,11,30.6,69.3,1,normal
2026-09-26T11:37:53.875067,11,30.6,69.3,1,normal
2026-09-26T11:37:55.900856,11,30.6,69.3,1,normal
2026-09-26T11:37:57.925892,11,30.6,69.3,1,normal
2026-09-26T11:37:59.949991,11,30.6,69.3,1,normal
2026-09-26T11:38:01.975696,11,30.6,69.3,1,normal
2026-09-26T11:38:04.001476,11,30.6,69.4,1,normal
2026-09-26T11:38:06.026481,11,30.6,69.4,1,normal
2026-09-26T11:38:08.051814,11,30.6,69.4,1,normal
2026-09-26T11:38:10.075704,11,30.6,69.5,1,normal
2026-09-26T11:38:12.101779,11,30.6,69.5,1,normal
2026-09-26T11:38:14.126882,11,30.6,69.5,1,normal
2026-09-26T11:38:16.152028,11,30.6,69.5,1,normal
2026-09-26T11:38:18.177149,11,30.6,69.6,1,normal
2026-09-26T11:38:20.202533,11,30.6,69.6,1,normal
2026-09-26T11:38:22.227845,11,30.6,69.6,1,normal
2026-09-26T11:38:24.252327,11,30.6,69.6,1,normal
2026-09-26T11:38:26.278352,11,30.6,69.6,1,normal
2026-09-26T11:38:28.303692,11,30.6,69.7,1,normal
2026-09-26T11:38:30.328890,11,30.6,69.6,1,normal
2026-09-26T11:38:32.353840,11,30.7,69.7,1,normal
2026-09-26T11:38:34.379572,11,30.7,69.7,1,normal
2026-09-26T11:38:36.404292,11,30.7,69.7,1,normal
2026-09-26T11:38:38.428739,11,30.7,69.7,1,normal
2026-09-26T11:38:40.454974,11,30.7,69.8,1,normal
2026-09-26T11:38:42.478878,11,30.7,69.8,1,normal
2026-09-26T11:38:44.503927,11,30.7,69.8,1,normal
2026-09-26T11:38:46.529211,11,30.7,69.8,1,normal
2026-09-26T11:38:48.554315,11,30.7,69.8,1,normal
2026-09-26T11:38:50.578754,11,30.7,69.9,1,normal
2026-09-26T11:38:52.604741,11,30.7,69.9,1,normal
2026-09-26T11:38:54.628770,11,30.7,69.9,1,normal
2026-09-26T11:38:56.654021,11,30.7,69.8,1,normal
2026-09-26T11:38:58.679305,11,30.7,69.9,1,normal
2026-09-26T11:39:00.704037,11,30.7,69.9,1,normal
2026-09-26T11:39:02.729589,11,30.7,69.9,1,normal
2026-09-26T11:39:04.755181,11,30.7,69.9,1,normal
2026-09-26T11:39:06.780751,11,30.7,69.9,1,normal
2026-09-26T11:39:08.805273,11,30.7,69.9,1,normal
2026-09-26T11:39:10.831094,11,30.7,69.9,1,normal
2026-09-26T11:39:12.856996,11,30.7,69.9,1,normal
2026-09-26T11:39:14.881388,11,30.7,69.9,1,normal
2026-09-26T11:39:16.906741,11,30.7,69.9,1,normal
2026-09-26T11:39:18.932028,11,30.7,69.9,1,normal
2026-09-26T11:39:20.957637,11,30.7,70,1,normal
2026-09-26T11:39:22.982503,11,30.7,70,1,normal
2026-09-26T11:39:25.008116,11,30.7,69.9,1,normal
2026-09-26T11:39:27.032450,11,30.7,70,1,normal
2026-09-26T11:39:29.058526,11,30.7,70,1,normal
2026-09-26T11:39:31.082937,11,30.7,69.9,1,normal
2026-09-26T11:39:33.107583,11,30.7,69.9,1,normal
2026-09-26T11:39:35.134519,11,30.7,69.9,1,normal
2026-09-26T11:39:37.159314,11,30.7,69.9,1,normal
2026-09-26T11:39:39.184189,11,30.7,69.9,1,normal
2026-09-26T11:39:41.209133,11,30.7,69.9,1,normal
2026-09-26T11:39:43.235076,11,30.7,69.9,1,normal
2026-09-26T11:39:45.260476,11,30.7,69.9,1,normal
2026-09-26T11:39:47.285679,11,30.7,69.9,1,normal
2026-09-26T11:39:49.310893,11,30.7,69.9,1,normal
2026-09-26T11:39:51.336130,11,30.7,69.9,1,normal
2026-09-26T11:39:53.361524,11,30.7,69.8,1,normal
2026-09-26T11:39:55.385569,11,30.7,69.8,1,normal
2026-09-26T11:39:57.413391,11,30.7,69.8,1,normal
2026-09-26T11:39:59.436041,11,30.7,69.8,1,normal
2026-09-26T11:40:01.461161,11,30.7,69.9,1,normal
2026-09-26T11:40:03.486343,11,30.7,69.8,1,normal
2026-09-26T11:40:05.512832,11,30.7,69.8,1,normal
2026-09-26T11:40:07.537774,11,30.7,69.9,1,normal
2026-09-26T11:40:09.562769,11,30.7,69.8,1,normal
2026-09-26T11:40:11.588124,11,30.7,69.8,1,normal
2026-09-26T11:40:13.613286,11,30.7,69.8,1,normal
2026-09-26T11:40:15.637765,11,30.7,69.8,1,normal
2026-09-26T11:40:17.663543,11,30.7,69.8,1,normal
2026-09-26T11:40:19.689528,11,30.6,69.8,1,normal
2026-09-26T11:40:21.714111,11,30.6,69.8,1,normal
2026-09-26T11:40:23.738854,11,30.6,69.8,1,normal
2026-09-26T11:40:25.764077,11,30.6,69.8,1,normal
2026-09-26T11:40:27.788919,11,30.6,69.8,1,normal
2026-09-26T11:40:29.813939,11,30.6,69.9,1,normal
2026-09-26T11:40:31.839434,11,30.6,69.8,1,normal
2026-09-26T11:40:33.864518,11,30.6,69.8,1,normal
2026-09-26T11:40:35.889170,11,30.6,69.8,1,normal
2026-09-26T11:40:37.914506,11,30.6,69.8,1,normal
2026-09-26T11:40:39.939892,11,30.6,69.8,1,normal
2026-09-26T11:40:41.963671,11,30.6,69.9,1,normal
2026-09-26T11:40:43.989661,11,30.6,69.9,1,normal
2026-09-26T11:40:46.014904,11,30.6,69.9,1,normal
2026-09-26T11:40:48.040446,11,30.6,69.9,1,normal
2026-09-26T11:40:50.065184,11,30.6,69.9,1,normal
2026-09-26T11:40:52.089805,11,30.6,69.9,1,normal
2026-09-26T11:40:54.114746,11,30.6,69.8,1,normal
2026-09-26T11:40:56.139743,11,30.6,69.8,1,normal
2026-09-26T11:40:58.164612,11,30.6,69.8,1,normal
2026-09-26T11:50:20.400384,11,44.4,42.9,1,discomfort_hot
2026-09-26T11:50:22.425268,11,44.6,42.6,1,discomfort_hot
2026-09-26T11:50:24.450470,11,44.7,42.4,1,discomfort_hot
2026-09-26T11:50:26.474852,11,44.8,42.1,1,discomfort_hot
2026-09-26T11:50:28.500790,11,45,41.9,1,discomfort_hot
2026-09-26T11:50:30.525535,11,45,41.5,1,discomfort_hot
2026-09-26T11:50:32.549727,11,45.1,41.2,1,discomfort_hot
2026-09-26T11:50:34.575513,11,45.2,40.9,1,discomfort_hot
2026-09-26T11:50:36.600991,11,45.4,40.6,1,discomfort_hot
2026-09-26T11:50:38.625306,11,45.5,40.4,1,discomfort_hot
2026-09-26T11:50:40.651085,11,45.6,40.1,1,discomfort_hot
2026-09-26T11:50:42.676691,11,45.7,39.8,1,discomfort_hot
2026-09-26T11:50:44.701694,11,45.9,39.5,1,discomfort_hot
2026-09-26T11:50:46.726015,11,46,39.2,1,discomfort_hot
2026-09-26T11:50:48.752312,11,46.1,38.7,1,discomfort_hot
2026-09-26T11:50:50.777463,11,46.2,38.5,1,discomfort_hot
2026-09-26T11:50:52.801652,11,46.3,38.4,1,discomfort_hot
2026-09-26T11:50:54.827326,11,46.4,38.3,1,discomfort_hot
2026-09-26T11:50:56.853160,11,46.6,38,1,discomfort_hot
2026-09-26T11:50:58.877803,11,46.7,37.8,1,discomfort_hot
2026-09-26T11:51:00.902773,11,46.8,37.5,1,discomfort_hot
2026-09-26T11:51:02.927975,11,46.9,37.3,1,discomfort_hot
2026-09-26T11:51:04.953024,11,47,37,1,discomfort_hot
2026-09-26T11:51:06.978259,11,47,36.7,1,discomfort_hot
2026-09-26T11:51:09.003407,11,47,36.6,1,discomfort_hot
2026-09-26T11:51:11.027167,11,47.1,36.4,1,discomfort_hot
2026-09-26T11:51:13.053477,11,47.1,36.3,1,discomfort_hot
2026-09-26T11:51:15.078604,11,47.1,36.2,1,discomfort_hot
2026-09-26T11:51:17.103244,11,47.1,36,1,discomfort_hot
2026-09-26T11:51:19.128774,11,47,35.7,1,discomfort_hot
2026-09-26T11:51:21.153618,11,47,35.2,1,discomfort_hot
2026-09-26T11:51:23.178138,11,47,35,1,discomfort_hot
2026-09-26T11:51:25.203323,11,46.9,34.7,1,discomfort_hot
2026-09-26T11:51:27.228216,11,46.8,34.5,1,discomfort_hot
2026-09-26T11:51:29.253866,11,46.7,34.4,1,discomfort_hot
2026-09-26T11:51:31.278564,11,46.6,34.4,1,discomfort_hot
2026-09-26T11:51:33.302532,11,46.6,34.4,1,discomfort_hot
2026-09-26T11:51:35.328709,11,46.5,34.4,1,discomfort_hot
2026-09-26T11:51:37.352820,11,46.5,34.3,1,discomfort_hot
2026-09-26T11:51:39.378995,11,46.4,34.3,1,discomfort_hot
2026-09-26T11:51:41.403945,11,46.5,34.3,1,discomfort_hot
2026-09-26T11:51:43.429143,11,46.5,34.4,1,discomfort_hot
2026-09-26T11:51:45.453199,11,46.6,34.5,1,discomfort_hot
2026-09-26T11:51:47.479341,11,46.6,34.5,1,discomfort_hot
2026-09-26T11:51:49.504541,11,46.7,34.4,1,discomfort_hot
2026-09-26T11:51:51.529847,11,46.8,34.5,1,discomfort_hot
2026-09-26T11:51:53.554735,11,46.9,34.4,1,discomfort_hot
2026-09-26T11:51:55.578433,11,47,34.2,1,discomfort_hot
2026-09-26T11:51:57.604377,11,47.1,34.2,1,discomfort_hot
2026-09-26T11:51:59.629091,11,47.2,34.1,1,discomfort_hot
2026-09-26T11:52:01.654672,11,47.3,34,1,discomfort_hot
2026-09-26T11:52:03.679756,11,47.5,33.9,1,discomfort_hot
2026-09-26T11:52:05.705109,11,47.6,33.8,1,discomfort_hot
2026-09-26T11:52:07.729232,11,47.9,33.6,1,discomfort_hot
2026-09-26T11:52:09.755259,11,48.1,33.3,1,discomfort_hot
2026-09-26T11:52:11.779966,11,48.4,33.2,1,discomfort_hot
2026-09-26T11:52:13.805293,11,48.7,33.1,1,discomfort_hot
2026-09-26T11:52:15.830783,11,48.9,32.9,1,discomfort_hot
2026-09-26T11:52:17.853959,11,49.1,32.6,1,discomfort_hot
2026-09-26T11:52:19.880054,11,49.4,32.4,1,discomfort_hot
2026-09-26T11:52:21.904961,11,49.7,32.2,1,discomfort_hot
2026-09-26T11:52:23.928820,11,50,31.9,1,discomfort_hot
2026-09-26T11:52:25.955413,11,50.3,31.9,1,discomfort_hot
2026-09-26T11:52:27.980218,11,50.6,31.8,1,discomfort_hot
2026-09-26T11:52:30.004813,11,50.8,31.6,1,discomfort_hot
2026-09-26T11:52:32.031061,11,51.1,31.3,1,discomfort_hot
2026-09-26T11:52:34.055743,11,51.2,31.1,1,discomfort_hot
2026-09-26T11:52:36.080534,11,51.6,30.8,1,discomfort_hot
2026-09-26T11:52:38.106550,11,52,30.5,1,discomfort_hot
2026-09-26T11:52:40.131251,11,52.3,30.4,1,discomfort_hot
2026-09-26T11:52:42.156516,11,52.6,30.1,1,discomfort_hot
2026-09-26T11:52:44.181542,11,52.9,29.8,1,discomfort_hot
2026-09-26T11:52:46.206292,11,53.2,29.6,1,discomfort_hot
2026-09-26T11:52:48.231730,11,53.5,29,1,discomfort_hot
2026-09-26T11:52:50.257082,11,53.9,28.4,1,discomfort_hot
2026-09-26T11:52:52.281305,11,54.1,28.1,1,discomfort_hot
2026-09-26T11:52:54.306973,11,54.5,27.4,1,discomfort_hot
2026-09-26T11:52:56.331950,11,54.9,27,1,discomfort_hot
2026-09-26T11:52:58.357715,11,55.1,26.3,1,discomfort_hot
2026-09-26T11:53:00.382853,11,55.1,25.9,1,discomfort_hot
2026-09-26T11:53:02.407489,11,55.2,25.5,1,discomfort_hot
2026-09-26T11:53:04.432510,11,55.4,25,1,discomfort_hot
2026-09-26T11:53:06.457809,11,55.5,24.4,1,discomfort_hot
2026-09-26T11:53:08.482795,11,55.6,23.9,1,discomfort_hot
2026-09-26T11:53:10.508302,11,55.6,23.6,1,discomfort_hot
2026-09-26T11:53:12.533284,11,55.6,23.3,1,discomfort_hot
2026-09-26T11:53:14.558966,11,55.6,22.9,1,discomfort_hot
2026-09-26T11:53:16.583635,11,55.6,22.6,1,discomfort_hot
2026-09-26T11:53:18.609590,11,55.5,22.4,1,discomfort_hot
2026-09-26T11:53:20.633975,11,55.4,22,1,discomfort_hot
2026-09-26T11:53:22.659508,11,55.3,21.7,1,discomfort_hot
2026-09-26T11:53:24.684009,11,55.2,21.4,1,discomfort_hot
2026-09-26T11:53:26.709671,11,55.1,21.2,1,discomfort_hot
2026-09-26T11:53:28.734410,11,55,21.1,1,discomfort_hot
2026-09-26T11:53:30.760487,11,55,20.8,1,discomfort_hot
2026-09-26T11:53:32.784491,11,55,20.7,1,discomfort_hot
2026-09-26T11:53:34.809535,11,54.6,21.6,1,discomfort_hot
2026-09-26T11:53:36.834450,11,54.1,21.8,1,discomfort_hot
2026-09-26T11:53:38.860043,11,53.6,22.6,1,discomfort_hot
2026-09-26T11:53:40.885076,11,53.1,22.6,1,discomfort_hot
2026-09-26T11:53:42.910133,11,52.8,22.7,1,discomfort_hot
2026-09-26T11:53:44.934757,11,52.1,23.8,1,discomfort_hot
2026-09-26T11:53:46.960370,11,51.6,23.7,1,discomfort_hot
2026-09-26T11:53:48.985545,11,51.2,24.5,1,discomfort_hot
2026-09-26T11:53:51.010144,11,50.1,27.1,1,discomfort_hot
2026-09-26T11:53:53.035386,11,49.3,28.8,1,discomfort_hot
2026-09-26T11:53:55.060288,11,48.7,29.7,1,discomfort_hot
2026-09-26T11:53:57.085898,11,48,30.7,1,discomfort_hot
2026-09-26T11:53:59.109858,11,47.5,30.8,1,discomfort_hot
2026-09-26T11:54:01.135906,11,47,31,1,discomfort_hot
2026-09-26T11:54:03.160223,11,46.9,31,1,discomfort_hot
2026-09-26T11:54:05.186507,11,46.5,30.9,1,discomfort_hot
2026-09-26T11:54:07.211754,11,46.2,30.9,1,discomfort_hot
2026-09-26T11:54:09.236237,11,45.9,31.1,1,discomfort_hot
2026-09-26T11:54:11.262313,11,45.2,32.5,1,discomfort_hot
2026-09-26T11:54:13.287587,11,44.9,32.9,1,discomfort_hot
2026-09-26T11:54:15.312043,11,44.3,33.6,1,discomfort_hot
2026-09-26T11:54:17.337723,11,43.9,34,1,discomfort_hot
2026-09-26T11:54:19.361616,11,43.6,34.5,1,discomfort_hot
2026-09-26T11:54:21.386715,11,43.1,35.8,1,discomfort_hot
2026-09-26T11:54:23.411966,11,42.7,36.6,1,discomfort_hot
2026-09-26T11:54:25.437177,11,42.4,37.2,1,discomfort_hot
2026-09-26T11:54:27.462637,11,41.9,38.4,1,discomfort_hot
2026-09-26T11:54:29.486905,11,41.6,39,1,discomfort_hot
2026-09-26T11:54:31.513114,11,41.4,39,1,discomfort_hot
2026-09-26T11:54:33.538130,11,41.3,39,1,discomfort_hot
2026-09-26T11:54:35.563199,11,41.1,39,1,discomfort_hot
2026-09-26T11:54:37.588260,11,40.9,39.4,1,discomfort_hot
2026-09-26T11:54:39.613218,11,40.7,39.8,1,discomfort_hot
2026-09-26T11:54:41.637262,11,40.5,40.1,1,discomfort_hot
2026-09-26T11:54:43.663312,11,40.3,40.3,1,discomfort_hot
2026-09-26T11:54:45.688011,11,40.1,40.5,1,discomfort_hot
2026-09-26T11:54:47.713560,11,40,40.7,1,discomfort_hot
2026-09-26T11:54:49.738099,11,39.8,41,1,discomfort_hot
2026-09-26T11:54:51.763607,11,39.7,41.2,1,discomfort_hot
2026-09-26T11:54:53.788245,11,39.6,41.6,1,discomfort_hot
2026-09-26T11:54:55.813926,11,39.4,42.5,1,discomfort_hot
2026-09-26T11:54:57.838971,11,39.2,42.8,1,discomfort_hot
2026-09-26T11:54:59.863664,11,39.1,42.9,1,discomfort_hot
2026-09-26T11:55:01.889058,11,39,43,1,discomfort_hot
2026-09-26T11:55:03.913763,11,39,43.2,1,discomfort_hot
2026-09-26T11:55:05.939247,11,38.9,43.5,1,discomfort_hot
2026-09-26T11:55:07.964806,11,38.7,43.6,1,discomfort_hot
2026-09-26T11:55:09.989817,11,38.6,43.8,1,discomfort_hot
2026-09-26T11:55:12.015154,11,38.5,44.1,1,discomfort_hot
2026-09-26T11:55:14.039874,11,38.4,44.4,1,discomfort_hot
2026-09-26T11:55:16.065145,11,38.3,44.8,1,discomfort_hot
2026-09-26T11:55:18.089791,11,38.1,46,1,discomfort_hot
2026-09-26T11:55:20.114043,11,38,46.1,1,discomfort_hot
2026-09-26T11:55:22.139219,11,37.9,46.2,1,discomfort_hot
2026-09-26T11:55:24.164243,11,37.9,46.3,1,discomfort_hot
2026-09-26T11:55:26.189601,11,37.8,46.3,1,discomfort_hot
2026-09-26T11:55:28.215389,11,37.7,46.5,1,discomfort_hot
2026-09-26T11:55:30.241042,11,37.6,47.2,1,discomfort_hot
2026-09-26T11:55:32.265244,11,37.4,47.7,1,discomfort_hot
2026-09-26T11:55:34.291196,11,37.4,47.8,1,discomfort_hot
2026-09-26T11:55:36.316604,11,37.3,47.9,1,discomfort_hot
2026-09-26T11:55:38.341196,11,37.2,48.3,1,discomfort_hot
2026-09-26T11:55:40.366823,11,37,48.6,1,discomfort_hot
2026-09-26T11:55:42.390478,11,36.9,49.2,1,discomfort_hot
2026-09-26T11:55:44.415508,11,36.8,49.5,1,discomfort_hot
2026-09-26T11:55:46.440231,11,36.7,49.5,1,discomfort_hot
2026-09-26T11:55:48.466437,11,36.6,49.6,1,discomfort_hot
2026-09-26T11:55:50.491108,11,36.5,49.7,1,discomfort_hot
2026-09-26T11:55:52.516630,11,36.4,49.8,1,discomfort_hot
2026-09-26T11:55:54.541110,11,36.3,49.8,1,discomfort_hot
2026-09-26T11:55:56.566082,11,36.2,51.9,1,discomfort_hot
2026-09-26T11:55:58.593100,11,36,53,1,discomfort_hot
2026-09-26T11:56:00.615245,11,35.9,53.7,1,discomfort_hot
2026-09-26T11:56:02.641102,11,35.8,54.3,1,discomfort_hot
2026-09-26T11:56:04.666808,11,35.7,55.2,1,discomfort_hot
2026-09-26T11:56:06.690701,11,35.5,55.2,1,discomfort_hot
2026-09-26T11:56:08.716677,11,35.4,55.5,1,discomfort_hot
2026-09-26T11:56:10.741814,11,35.3,55.4,1,discomfort_hot
2026-09-26T11:56:12.766049,11,35.3,55.3,1,discomfort_hot
2026-09-26T12:06:31.229901,12,31.6,76,1,discomfort_humid
2026-09-26T12:06:33.256279,12,31.6,76,1,discomfort_humid
2026-09-26T12:06:35.280704,12,31.5,76.1,1,discomfort_humid
2026-09-26T12:06:37.306203,12,31.5,76.1,1,discomfort_humid
2026-09-26T12:06:39.331537,12,31.4,76,1,discomfort_humid
2026-09-26T12:06:41.355885,12,31.4,76,1,discomfort_humid
2026-09-26T12:06:43.382074,12,31.5,75.8,1,discomfort_humid
2026-09-26T12:06:45.407194,12,31.5,75.6,1,discomfort_humid
2026-09-26T12:06:47.431831,12,31.4,76,1,discomfort_humid
2026-09-26T12:06:49.457507,12,31.4,76.6,1,discomfort_humid
2026-09-26T12:06:51.483163,12,31.3,76.9,1,discomfort_humid
2026-09-26T12:06:53.507363,12,31.3,77,1,discomfort_humid
2026-09-26T12:06:55.533351,12,31.3,77.1,1,discomfort_humid
2026-09-26T12:06:57.557549,12,31.4,77.4,1,discomfort_humid
2026-09-26T12:06:59.583813,12,31.3,77.6,1,discomfort_humid
2026-09-26T12:07:01.608480,12,31.3,77.6,1,discomfort_humid
2026-09-26T12:07:03.634677,12,31.3,77.7,1,discomfort_humid
2026-09-26T12:07:05.659472,12,31.3,77.6,1,discomfort_humid
2026-09-26T12:07:07.685208,12,31.3,77.4,1,discomfort_humid
2026-09-26T12:07:09.709979,12,31.3,77.2,1,discomfort_humid
2026-09-26T12:07:11.735199,12,31.3,77,1,discomfort_humid
2026-09-26T12:07:13.760383,12,31.3,76.9,1,discomfort_humid
2026-09-26T12:07:15.784731,12,31.3,76.7,1,discomfort_humid
2026-09-26T12:07:17.810942,12,31.3,76.5,1,discomfort_humid
2026-09-26T12:07:19.836481,12,31.3,76.3,1,discomfort_humid
2026-09-26T12:07:21.861376,12,31.4,76,1,discomfort_humid
2026-09-26T12:07:23.886462,12,31.4,75.7,1,discomfort_humid
2026-09-26T12:07:25.911777,12,31.4,75.5,1,discomfort_humid
2026-09-26T12:07:27.937742,12,31.4,75.3,1,discomfort_humid
2026-09-26T12:07:29.962323,12,31.4,75,1,discomfort_humid
2026-09-26T12:07:42.112009,12,31.4,76.1,1,discomfort_humid
2026-09-26T12:07:44.138137,12,31.3,76.1,1,discomfort_humid
2026-09-26T12:07:46.163783,12,31.2,76,1,discomfort_humid
2026-09-26T12:07:48.188501,12,31.2,76.1,1,discomfort_humid
2026-09-26T12:07:50.213004,12,31.1,76.6,1,discomfort_humid
2026-09-26T12:07:52.237825,12,31.1,76.6,1,discomfort_humid
2026-09-26T12:07:54.263275,12,31,77.7,1,discomfort_humid
2026-09-26T12:07:56.288386,12,31.1,77.9,1,discomfort_humid
2026-09-26T12:07:58.313599,12,31,78.2,1,discomfort_humid
2026-09-26T12:08:00.338392,12,31,78.9,1,discomfort_humid
2026-09-26T12:08:02.364066,12,31,79.3,1,discomfort_humid
2026-09-26T12:08:04.389355,12,31,79,1,discomfort_humid
2026-09-26T12:08:06.414544,12,30.9,79.1,1,discomfort_humid
2026-09-26T12:08:08.440196,12,30.8,79,1,discomfort_humid
2026-09-26T12:08:10.465212,12,30.8,79,1,discomfort_humid
2026-09-26T12:08:12.490004,12,30.7,79,1,discomfort_humid
2026-09-26T12:08:14.515089,12,30.7,79,1,discomfort_humid
2026-09-26T12:08:16.541008,12,30.6,78.9,1,discomfort_humid
2026-09-26T12:08:18.566227,12,30.6,78.9,1,discomfort_humid
2026-09-26T12:08:20.591309,12,30.6,78.8,1,discomfort_humid
2026-09-26T12:08:22.616523,12,30.7,78.7,1,discomfort_humid
2026-09-26T12:08:24.641059,12,30.7,78.5,1,discomfort_humid
2026-09-26T12:08:26.667336,12,30.7,78.5,1,discomfort_humid
2026-09-26T12:08:28.691545,12,30.7,78.3,1,discomfort_humid
2026-09-26T12:08:30.717706,12,30.7,78.1,1,discomfort_humid
2026-09-26T12:08:32.741773,12,30.7,77.8,1,discomfort_humid
2026-09-26T12:08:34.768296,12,30.7,77.5,1,discomfort_humid
2026-09-26T12:08:36.793314,12,30.8,77.3,1,discomfort_humid
2026-09-26T12:08:38.817435,12,30.8,77.1,1,discomfort_humid
2026-09-26T12:08:40.844106,12,30.8,76.8,1,discomfort_humid
2026-09-26T12:08:42.868654,12,30.8,76.6,1,discomfort_humid
2026-09-26T12:08:44.892990,12,30.8,76.3,1,discomfort_humid
2026-09-26T12:08:46.918699,12,30.8,76.1,1,discomfort_humid
2026-09-26T12:08:48.944058,12,30.8,75.9,1,discomfort_humid
2026-09-26T12:08:50.969039,12,30.8,75.7,1,discomfort_humid
2026-09-26T12:08:52.993488,12,30.9,75.5,1,discomfort_humid
2026-09-26T12:08:55.018709,12,30.9,75.2,1,discomfort_humid
2026-09-26T12:08:57.043928,12,30.9,75.2,1,discomfort_humid
2026-09-26T12:09:17.297451,12,31,76.2,1,discomfort_humid
2026-09-26T12:09:19.321712,12,31,78.1,1,discomfort_humid
2026-09-26T12:09:21.347440,12,31,78.9,1,discomfort_humid
2026-09-26T12:09:23.371843,12,31,79.1,1,discomfort_humid
2026-09-26T12:09:25.397566,12,30.9,79.1,1,discomfort_humid
2026-09-26T12:09:27.422894,12,30.9,79.7,1,discomfort_humid
2026-09-26T12:09:29.448372,12,30.9,79.9,1,discomfort_humid
2026-09-26T12:09:31.473796,12,30.9,80.2,1,discomfort_humid
2026-09-26T12:09:33.498323,12,30.9,81.1,1,discomfort_humid
2026-09-26T12:09:35.525057,12,30.9,81.3,1,discomfort_humid
2026-09-26T12:09:37.548255,12,31,81,1,discomfort_humid
2026-09-26T12:09:39.574761,12,31,80.6,1,discomfort_humid
2026-09-26T12:09:41.599680,12,31,80.1,1,discomfort_humid
2026-09-26T12:09:43.624958,12,31,79.8,1,discomfort_humid
2026-09-26T12:09:45.649698,12,31,79.5,1,discomfort_humid
2026-09-26T12:09:47.675273,12,31,79.3,1,discomfort_humid
2026-09-26T12:09:49.699449,12,31,78.7,1,discomfort_humid
2026-09-26T12:09:51.725833,12,31,78.4,1,discomfort_humid
2026-09-26T12:09:53.750890,12,31,78.2,1,discomfort_humid
2026-09-26T12:09:55.776068,12,31,77.9,1,discomfort_humid
2026-09-26T12:09:57.801044,12,31,77.6,1,discomfort_humid
2026-09-26T12:09:59.826135,12,31,77.2,1,discomfort_humid
2026-09-26T12:10:01.850977,12,31,76.9,1,discomfort_humid
2026-09-26T12:10:03.876860,12,31,76.6,1,discomfort_humid
2026-09-26T12:10:05.901126,12,31,76.3,1,discomfort_humid
2026-09-26T12:10:07.925530,12,31,76.1,1,discomfort_humid
2026-09-26T12:10:09.951729,12,31.1,75.8,1,discomfort_humid
2026-09-26T12:10:11.976653,12,31.1,75.6,1,discomfort_humid
2026-09-26T12:10:14.002046,12,31.1,75.4,1,discomfort_humid
2026-09-26T12:10:16.027078,12,31.1,75.2,1,discomfort_humid
2026-09-26T12:10:36.280671,12,31.2,75.5,1,discomfort_humid
2026-09-26T12:10:38.303070,12,31.2,76.6,1,discomfort_humid
2026-09-26T12:10:40.329124,12,31.3,77.3,1,discomfort_humid
2026-09-26T12:10:42.354126,12,31.3,77.8,1,discomfort_humid
2026-09-26T12:10:44.379909,12,31.2,77.8,1,discomfort_humid
2026-09-26T12:10:46.405122,12,31.1,77.6,1,discomfort_humid
2026-09-26T12:10:48.429974,12,31,77.6,1,discomfort_humid
2026-09-26T12:10:50.455606,12,31.1,77.5,1,discomfort_humid
2026-09-26T12:10:52.479512,12,31.1,77.3,1,discomfort_humid
2026-09-26T12:10:54.506079,12,31.1,77.2,1,discomfort_humid
2026-09-26T12:10:56.530565,12,31.1,77,1,discomfort_humid
2026-09-26T12:10:58.556604,12,31.1,76.7,1,discomfort_humid
2026-09-26T12:11:00.581002,12,31.1,76.4,1,discomfort_humid
2026-09-26T12:11:02.605263,12,31.1,76.1,1,discomfort_humid
2026-09-26T12:11:04.631128,12,31.1,75.8,1,discomfort_humid
2026-09-26T12:11:06.657729,12,31.1,75.6,1,discomfort_humid
2026-09-26T12:11:08.682044,12,31.2,75.3,1,discomfort_humid
2026-09-26T12:11:10.706893,12,31.2,75,1,discomfort_humid
2026-09-26T12:11:24.883233,12,31.2,76,1,discomfort_humid
2026-09-26T12:11:26.908065,12,31.2,77.6,1,discomfort_humid
2026-09-26T12:11:28.932496,12,31.2,77.8,1,discomfort_humid
2026-09-26T12:11:30.957862,12,31.2,77.7,1,discomfort_humid
2026-09-26T12:11:32.983192,12,31.2,77.5,1,discomfort_humid
2026-09-26T12:11:35.008665,12,31.3,77.4,1,discomfort_humid
2026-09-26T12:11:37.034135,12,31.3,77.2,1,discomfort_humid
2026-09-26T12:11:39.059811,12,31.3,77,1,discomfort_humid
2026-09-26T12:11:41.085548,12,31.3,76.8,1,discomfort_humid
2026-09-26T12:11:43.110391,12,31.3,76.5,1,discomfort_humid
2026-09-26T12:11:45.135424,12,31.3,76.2,1,discomfort_humid
2026-09-26T12:26:28.056527,12,38.7,55.5,1,occupied_uncomfortable
2026-09-26T12:26:30.081999,12,38.9,55.2,1,occupied_uncomfortable
2026-09-26T12:26:32.105713,12,39,54.7,1,occupied_uncomfortable
2026-09-26T12:26:34.132026,12,39.1,54.4,1,occupied_uncomfortable
2026-09-26T12:26:36.156329,12,39.3,54,0,occupied_uncomfortable
2026-09-26T12:26:38.181568,12,39.4,53.6,1,occupied_uncomfortable
2026-09-26T12:26:40.206445,12,39.6,53.3,0,occupied_uncomfortable
2026-09-26T12:26:42.231744,12,39.6,53.1,1,occupied_uncomfortable
2026-09-26T12:26:44.256697,12,39.8,52.8,0,occupied_uncomfortable
2026-09-26T12:26:46.281988,12,39.9,52.3,1,occupied_uncomfortable
2026-09-26T12:26:48.307503,12,40.1,51.7,0,occupied_uncomfortable
2026-09-26T12:26:50.332161,12,40.2,51.3,1,occupied_uncomfortable
2026-09-26T12:26:52.357473,12,40.4,50.8,1,occupied_uncomfortable
2026-09-26T12:26:54.382695,12,40.6,50.3,0,occupied_uncomfortable
2026-09-26T12:26:56.408307,12,40.7,49.9,1,occupied_uncomfortable
2026-09-26T12:26:58.432846,12,40.9,49.5,0,occupied_uncomfortable
2026-09-26T12:27:00.458100,12,41,49.1,0,occupied_uncomfortable
2026-09-26T12:27:02.482666,12,41.1,48.8,1,occupied_uncomfortable
2026-09-26T12:27:04.508124,12,41.3,48.7,1,occupied_uncomfortable
2026-09-26T12:27:06.533105,12,41.4,48.4,1,occupied_uncomfortable
2026-09-26T12:27:08.558106,12,41.5,48.1,1,occupied_uncomfortable
2026-09-26T12:27:10.582538,12,41.7,47.7,1,occupied_uncomfortable
2026-09-26T12:27:12.608978,12,41.7,47.5,0,occupied_uncomfortable
2026-09-26T12:27:14.633477,12,41.9,47.1,1,occupied_uncomfortable
2026-09-26T12:27:16.659224,12,42,46.6,0,occupied_uncomfortable
2026-09-26T12:27:18.684022,12,42.1,46.3,1,occupied_uncomfortable
2026-09-26T12:27:20.709266,12,42.2,46,0,occupied_uncomfortable
2026-09-26T12:27:22.733943,12,42.4,45.8,1,occupied_uncomfortable
2026-09-26T12:27:24.758851,12,42.5,45.6,0,occupied_uncomfortable
2026-09-26T12:27:26.784630,12,42.6,45.5,1,occupied_uncomfortable
2026-09-26T12:27:28.809270,12,42.7,45.4,1,occupied_uncomfortable
2026-09-26T12:27:30.834971,12,42.9,45.1,0,occupied_uncomfortable
2026-09-26T12:27:32.859573,12,43,44.8,1,occupied_uncomfortable
2026-09-26T12:27:34.884397,12,43.2,44.6,0,occupied_uncomfortable
2026-09-26T12:27:36.909595,12,43.3,44.3,1,occupied_uncomfortable
2026-09-26T12:27:38.934882,12,43.4,44,0,occupied_uncomfortable
2026-09-26T12:27:40.960213,12,43.6,43.7,1,occupied_uncomfortable
2026-09-26T12:27:42.985196,12,43.6,43.5,0,occupied_uncomfortable
2026-09-26T12:27:45.010503,12,43.8,43.2,1,occupied_uncomfortable
2026-09-26T12:27:47.035131,12,43.9,42.9,0,occupied_uncomfortable
2026-09-26T12:27:49.060144,12,44.1,42.5,1,occupied_uncomfortable
2026-09-26T12:27:51.085408,12,44.2,42.2,0,occupied_uncomfortable
2026-09-26T12:27:53.110321,12,44.4,41.9,1,occupied_uncomfortable
2026-09-26T12:27:55.136119,12,44.5,41.7,1,occupied_uncomfortable
2026-09-26T12:27:57.160386,12,44.7,41.5,1,occupied_uncomfortable
2026-09-26T12:27:59.186016,12,44.9,41.2,1,occupied_uncomfortable
2026-09-26T12:28:01.210460,12,45,40.9,1,occupied_uncomfortable
2026-09-26T12:28:03.235857,12,45.1,40.6,1,occupied_uncomfortable
2026-09-26T12:28:05.260619,12,45.3,40.4,0,occupied_uncomfortable
2026-09-26T12:28:07.286118,12,45.4,40.2,1,occupied_uncomfortable
2026-09-26T12:28:09.310844,12,45.5,40,1,occupied_uncomfortable
2026-09-26T12:28:11.335806,12,45.6,39.8,0,occupied_uncomfortable
2026-09-26T12:28:13.360289,12,45.7,39.7,1,occupied_uncomfortable
2026-09-26T12:28:15.386955,12,45.9,39.4,0,occupied_uncomfortable
2026-09-26T12:28:19.436022,12,46.1,38.7,0,occupied_uncomfortable
2026-09-26T12:28:21.461177,12,46.2,38.4,1,occupied_uncomfortable
2026-09-26T12:28:23.486544,12,46.3,38.1,0,occupied_uncomfortable
2026-09-26T12:28:25.511489,12,46.5,37.7,1,occupied_uncomfortable
2026-09-26T12:28:27.537046,12,46.6,37.6,0,occupied_uncomfortable
2026-09-26T12:28:29.562129,12,46.7,37.3,1,occupied_uncomfortable
2026-09-26T12:28:31.587384,12,46.8,37.1,0,occupied_uncomfortable
2026-09-26T12:28:33.612122,12,46.9,36.9,1,occupied_uncomfortable
2026-09-26T12:28:35.637147,12,47,36.6,1,occupied_uncomfortable
2026-09-26T12:28:37.662121,12,47,36.2,0,occupied_uncomfortable
2026-09-26T12:28:39.687236,12,47.1,36,1,occupied_uncomfortable
2026-09-26T12:28:41.712621,12,47.2,35.9,0,occupied_uncomfortable
2026-09-26T12:28:43.737580,12,47.3,35.7,1,occupied_uncomfortable
2026-09-26T12:28:45.762654,12,47.3,35.6,0,occupied_uncomfortable
2026-09-26T12:28:47.788274,12,47.4,35.4,1,occupied_uncomfortable
2026-09-26T12:28:49.813310,12,47.5,35.3,0,occupied_uncomfortable
2026-09-26T12:28:51.837645,12,47.5,35.2,1,occupied_uncomfortable
2026-09-26T12:28:53.863244,12,47.6,34.9,0,occupied_uncomfortable
2026-09-26T12:28:55.888638,12,47.6,34.8,1,occupied_uncomfortable
2026-09-26T12:28:57.913403,12,47.7,34.8,0,occupied_uncomfortable
2026-09-26T12:28:59.939163,12,47.7,34.7,1,occupied_uncomfortable
2026-09-26T12:29:01.964827,12,47.8,34.5,0,occupied_uncomfortable
2026-09-26T12:29:03.989633,12,47.9,34.4,1,occupied_uncomfortable
2026-09-26T12:29:06.014453,12,47.9,34.2,0,occupied_uncomfortable
2026-09-26T12:29:08.039437,12,48,34.1,1,occupied_uncomfortable
2026-09-26T12:29:10.064057,12,48,33.9,0,occupied_uncomfortable
2026-09-26T12:29:12.088688,12,48,33.5,1,occupied_uncomfortable
2026-09-26T12:29:14.114183,12,48.1,33.4,0,occupied_uncomfortable
2026-09-26T12:29:16.139063,12,48.1,33.3,1,occupied_uncomfortable
2026-09-26T12:29:18.164057,12,48.1,33.2,0,occupied_uncomfortable
2026-09-26T12:29:20.188078,12,48.2,33.4,1,occupied_uncomfortable
2026-09-26T12:29:22.212978,12,48.2,33.5,1,occupied_uncomfortable
2026-09-26T12:29:24.237981,12,48.3,33.7,1,occupied_uncomfortable
2026-09-26T12:29:26.263132,12,48.3,33.7,0,occupied_uncomfortable
2026-09-26T12:29:28.288115,12,48.4,33.6,1,occupied_uncomfortable
2026-09-26T12:29:30.313126,12,48.4,33.4,0,occupied_uncomfortable
2026-09-26T12:29:32.337999,12,48.4,33.2,1,occupied_uncomfortable
2026-09-26T12:29:34.362862,12,48.5,33,0,occupied_uncomfortable
2026-09-26T12:29:36.387809,12,48.5,32.9,1,occupied_uncomfortable
2026-09-26T12:29:38.413363,12,48.5,32.9,0,occupied_uncomfortable
2026-09-26T12:29:40.438090,12,48.6,32.7,1,occupied_uncomfortable
2026-09-26T12:29:42.463681,12,48.6,32.6,0,occupied_uncomfortable
2026-09-26T12:29:44.488518,12,48.6,32.5,1,occupied_uncomfortable
2026-09-26T12:29:46.513748,12,48.6,32.4,0,occupied_uncomfortable
2026-09-26T12:29:48.539137,12,48.6,32.2,1,occupied_uncomfortable
2026-09-26T12:29:50.564080,12,48.7,32.1,0,occupied_uncomfortable
2026-09-26T12:29:52.588972,12,48.7,32,1,occupied_uncomfortable
2026-09-26T12:29:54.613989,12,48.7,31.9,0,occupied_uncomfortable
2026-09-26T12:29:56.637363,12,48.7,31.8,0,occupied_uncomfortable
2026-09-26T12:29:58.663255,12,48.8,31.6,0,occupied_uncomfortable
2026-09-26T12:30:00.689206,12,48.8,31.6,1,occupied_uncomfortable
2026-09-26T12:30:02.713437,12,48.8,31.6,0,occupied_uncomfortable
2026-09-26T12:30:04.738575,12,48.8,31.5,1,occupied_uncomfortable
2026-09-26T12:30:06.763737,12,48.9,31.6,0,occupied_uncomfortable
2026-09-26T12:30:08.788804,12,48.9,31.5,1,occupied_uncomfortable
2026-09-26T12:30:10.814076,12,48.9,31.4,0,occupied_uncomfortable
2026-09-26T12:30:12.838856,12,48.9,31.3,1,occupied_uncomfortable
2026-09-26T12:30:14.864267,12,48.9,31.2,0,occupied_uncomfortable
2026-09-26T12:30:16.888967,12,48.9,31.1,1,occupied_uncomfortable
2026-09-26T12:30:18.914938,12,48.9,31.1,0,occupied_uncomfortable
2026-09-26T12:30:20.939739,12,48.9,31,1,occupied_uncomfortable
2026-09-26T12:30:22.964794,12,48.9,31,0,occupied_uncomfortable
2026-09-26T12:30:24.989111,12,48.9,30.9,0,occupied_uncomfortable
2026-09-26T12:30:27.014930,12,48.9,30.9,1,occupied_uncomfortable
2026-09-26T12:30:29.039722,12,48.9,30.9,1,occupied_uncomfortable
2026-09-26T12:30:31.064562,12,48.9,30.9,0,occupied_uncomfortable
2026-09-26T12:30:33.089663,12,48.9,30.9,1,occupied_uncomfortable
2026-09-26T12:30:35.115428,12,48.9,30.8,0,occupied_uncomfortable
2026-09-26T12:30:37.139941,12,48.9,30.7,1,occupied_uncomfortable
2026-09-26T12:30:39.165498,12,48.9,30.7,0,occupied_uncomfortable
2026-09-26T12:30:41.190395,12,49,30.7,1,occupied_uncomfortable
2026-09-26T12:30:43.215885,12,49,30.8,0,occupied_uncomfortable
2026-09-26T12:30:45.241370,12,49,30.7,0,occupied_uncomfortable
2026-09-26T12:30:47.265626,12,49,30.8,1,occupied_uncomfortable
2026-09-26T12:30:49.291979,12,49,30.7,1,occupied_uncomfortable
2026-09-26T12:30:51.316496,12,49,30.6,1,occupied_uncomfortable
2026-09-26T12:30:53.341624,12,49,30.5,0,occupied_uncomfortable
2026-09-26T12:30:55.367141,12,49,30.6,1,occupied_uncomfortable
2026-09-26T12:30:57.391891,12,49,30.6,0,occupied_uncomfortable
2026-09-26T12:30:59.416949,12,49,30.4,0,occupied_uncomfortable
2026-09-26T12:31:01.442160,12,49,30.4,1,occupied_uncomfortable
2026-09-26T12:31:03.467186,12,49,30.4,0,occupied_uncomfortable
2026-09-26T12:31:05.491602,12,49,30.4,0,occupied_uncomfortable
2026-09-26T12:31:07.517235,12,49,30.3,1,occupied_uncomfortable
2026-09-26T12:31:09.541680,12,49,30.3,0,occupied_uncomfortable
2026-09-26T12:31:11.566608,12,49,30.2,1,occupied_uncomfortable
2026-09-26T12:31:13.591554,12,49,30.3,0,occupied_uncomfortable
2026-09-26T12:31:15.616658,12,49,30.3,1,occupied_uncomfortable
2026-09-26T12:31:17.641323,12,49,30.3,0,occupied_uncomfortable
2026-09-26T12:31:19.666402,12,49,30.3,1,occupied_uncomfortable
2026-09-26T12:31:21.691537,12,49,30.2,1,occupied_uncomfortable
2026-09-26T12:31:23.716677,12,48.9,30.2,1,occupied_uncomfortable
2026-09-26T12:31:25.741725,12,48.9,30.2,1,occupied_uncomfortable
2026-09-26T12:31:27.767206,12,48.9,30.1,0,occupied_uncomfortable
2026-09-26T12:31:29.791571,12,48.8,30,1,occupied_uncomfortable
2026-09-26T12:31:31.816664,12,48.8,30,0,occupied_uncomfortable
2026-09-26T12:31:33.841538,12,48.7,29.9,1,occupied_uncomfortable
2026-09-26T12:31:35.867209,12,48.6,29.8,0,occupied_uncomfortable
2026-09-26T12:31:37.891705,12,48.5,29.8,1,occupied_uncomfortable
2026-09-26T12:31:39.917221,12,48.4,29.8,1,occupied_uncomfortable
2026-09-26T12:31:41.942261,12,48.3,29.8,0,occupied_uncomfortable
2026-09-26T12:31:43.967526,12,48.2,29.8,1,occupied_uncomfortable
2026-09-26T12:31:45.992464,12,48,29.9,0,occupied_uncomfortable
2026-09-26T12:31:48.017918,12,48,30.1,1,occupied_uncomfortable
2026-09-26T12:31:50.042377,12,47.8,30.1,0,occupied_uncomfortable
2026-09-26T12:31:52.068386,12,47.7,30.1,1,occupied_uncomfortable
2026-09-26T12:31:54.093159,12,47.6,30.2,0,occupied_uncomfortable
2026-09-26T12:31:56.118549,12,47.4,30.2,1,occupied_uncomfortable
2026-09-26T12:31:58.143853,12,47.3,30.3,0,occupied_uncomfortable
2026-09-26T12:32:00.168410,12,47.1,30.4,1,occupied_uncomfortable
2026-09-26T12:32:02.193878,12,47,30.5,0,occupied_uncomfortable
2026-09-26T12:32:04.219185,12,46.9,30.7,1,occupied_uncomfortable
2026-09-26T12:32:06.244309,12,46.7,30.7,1,occupied_uncomfortable
2026-09-26T12:32:08.269783,12,46.6,30.8,1,occupied_uncomfortable
2026-09-26T13:38:50.905379,23,31.1,69.8,1,intrusion
2026-09-26T13:38:52.928359,23,31.1,69.7,1,intrusion
2026-09-26T13:38:54.954448,23,31.1,69.7,1,intrusion
2026-09-26T13:38:56.978791,23,31.1,69.7,1,intrusion
2026-09-26T13:38:59.004935,23,31.1,69.7,0,intrusion
2026-09-26T13:39:01.030524,23,31.1,69.7,1,intrusion
2026-09-26T13:39:03.054397,23,31.1,69.7,1,intrusion
2026-09-26T13:39:05.080480,23,31.1,69.8,0,intrusion
2026-09-26T13:39:07.105380,23,31.2,69.8,1,intrusion
2026-09-26T13:39:09.131318,23,31.2,69.8,1,intrusion
2026-09-26T13:39:11.156160,23,31.2,69.8,0,intrusion
2026-09-26T13:39:13.181055,23,31.2,69.8,0,intrusion
2026-09-26T13:39:15.205250,23,31.2,69.8,0,intrusion
2026-09-26T13:39:17.230683,23,31.2,69.8,1,intrusion
2026-09-26T13:39:19.256438,23,31.2,69.8,1,intrusion
2026-09-26T13:39:21.282112,23,31.2,69.8,0,intrusion
2026-09-26T13:39:23.306648,23,31.2,69.7,0,intrusion
2026-09-26T13:39:25.331781,23,31.2,69.7,1,intrusion
2026-09-26T13:39:27.356371,23,31.2,69.7,1,intrusion
2026-09-26T13:39:29.382135,23,31.2,69.7,0,intrusion
2026-09-26T13:39:31.406498,23,31.2,69.7,1,intrusion
2026-09-26T13:39:33.431806,23,31.3,69.7,0,intrusion
2026-09-26T13:39:35.456828,23,31.3,69.7,1,intrusion
2026-09-26T13:39:37.482178,23,31.3,69.7,1,intrusion
2026-09-26T13:39:39.507856,23,31.3,69.7,1,intrusion
2026-09-26T13:39:41.532997,23,31.3,69.7,0,intrusion
2026-09-26T13:39:43.558192,23,31.3,69.7,1,intrusion
2026-09-26T13:39:45.584024,23,31.3,69.7,0,intrusion
2026-09-26T13:39:47.610483,23,31.3,69.7,0,intrusion
2026-09-26T13:39:49.634462,23,31.3,69.7,0,intrusion
2026-09-26T13:39:51.659662,23,31.3,69.7,1,intrusion
2026-09-26T13:39:53.685647,23,31.3,69.7,1,intrusion
2026-09-26T13:39:55.711060,23,31.3,69.7,0,intrusion
2026-09-26T13:39:57.735896,23,31.3,69.8,0,intrusion
2026-09-26T13:39:59.759956,23,31.4,69.8,1,intrusion
2026-09-26T13:40:01.785110,23,31.4,69.7,1,intrusion
2026-09-26T13:40:03.810134,23,31.4,69.7,0,intrusion
2026-09-26T13:40:05.835647,23,31.4,69.8,0,intrusion
2026-09-26T13:40:07.860582,23,31.4,69.8,1,intrusion
2026-09-26T13:40:09.886249,23,31.4,69.7,0,intrusion
2026-09-26T13:40:11.911132,23,31.4,69.7,0,intrusion
2026-09-26T13:40:13.936711,23,31.4,69.7,1,intrusion
2026-09-26T13:40:15.961673,23,31.4,69.7,1,intrusion
2026-09-26T13:40:17.987016,23,31.4,69.7,0,intrusion
2026-09-26T13:40:20.012524,23,31.4,69.6,0,intrusion
2026-09-26T13:40:22.037760,23,31.4,69.6,1,intrusion
2026-09-26T13:40:24.062486,23,31.4,69.6,1,intrusion
2026-09-26T13:40:26.087774,23,31.5,69.6,0,intrusion
2026-09-26T13:40:28.113217,23,31.5,69.6,1,intrusion
2026-09-26T13:40:30.138967,23,31.5,69.6,0,intrusion
2026-09-26T13:40:32.163751,23,31.5,69.6,1,intrusion
2026-09-26T13:40:34.188881,23,31.5,69.6,1,intrusion
2026-09-26T13:40:36.214523,23,31.5,69.6,0,intrusion
2026-09-26T13:40:38.238980,23,31.5,69.6,1,intrusion
2026-09-26T13:40:40.264760,23,31.5,69.5,1,intrusion
2026-09-26T13:40:42.290216,23,31.5,69.5,0,intrusion
2026-09-26T13:40:44.315180,23,31.5,69.5,0,intrusion
2026-09-26T13:40:46.340979,23,31.5,69.4,1,intrusion
2026-09-26T13:40:48.364939,23,31.5,69.4,1,intrusion
2026-09-26T13:40:50.390874,23,31.5,69.4,0,intrusion
2026-09-26T13:40:52.416076,23,31.5,69.4,1,intrusion
2026-09-26T13:40:54.441251,23,31.5,69.4,0,intrusion
2026-09-26T13:40:56.465615,23,31.5,69.4,0,intrusion
2026-09-26T13:40:58.491624,23,31.5,69.3,1,intrusion
2026-09-26T13:41:00.516784,23,31.5,69.3,0,intrusion
2026-09-26T13:41:02.542017,23,31.5,69.2,1,intrusion
2026-09-26T13:41:04.567200,23,31.5,69.2,0,intrusion
2026-09-26T13:41:06.592369,23,31.5,69.2,0,intrusion
2026-09-26T13:41:08.617415,23,31.5,69.2,1,intrusion
2026-09-26T13:41:10.643023,23,31.5,69.2,1,intrusion
2026-09-26T13:41:12.668105,23,31.5,69.1,1,intrusion
2026-09-26T13:41:14.693065,23,31.5,69.1,1,intrusion
2026-09-26T13:41:16.717367,23,31.5,69.1,1,intrusion
2026-09-26T13:41:18.744097,23,31.5,69.1,1,intrusion
2026-09-26T13:41:20.768403,23,31.5,69.1,1,intrusion
2026-09-26T13:41:22.794005,23,31.5,69.1,0,intrusion
2026-09-26T13:41:24.818970,23,31.5,69,0,intrusion
2026-09-26T13:41:26.843025,23,31.5,69.1,1,intrusion
2026-09-26T13:41:28.868237,23,31.6,69.2,0,intrusion
2026-09-26T13:41:30.894438,23,31.6,69.2,0,intrusion
2026-09-26T13:41:32.919645,23,31.6,69.2,1,intrusion
2026-09-26T13:41:34.944107,23,31.6,69.2,0,intrusion
2026-09-26T13:41:36.970386,23,31.6,69.3,1,intrusion
2026-09-26T13:41:38.995189,23,31.6,69.3,0,intrusion
2026-09-26T13:41:41.019798,23,31.6,69.3,1,intrusion
2026-09-26T13:41:43.045833,23,31.6,69.2,0,intrusion
2026-09-26T13:41:45.071171,23,31.6,69.2,1,intrusion
2026-09-26T13:41:47.095603,23,31.6,69.2,0,intrusion
2026-09-26T13:41:49.120490,23,31.6,69.2,1,intrusion
2026-09-26T13:41:51.145578,23,31.6,69.1,1,intrusion
2026-09-26T13:41:53.169909,23,31.6,69.1,0,intrusion
2026-09-26T13:41:55.195944,23,31.6,69.1,1,intrusion
2026-09-26T13:41:57.221256,23,31.6,69.1,0,intrusion
2026-09-26T13:41:59.245755,23,31.6,69,1,intrusion
2026-09-26T13:42:01.271528,23,31.6,69,0,intrusion
2026-09-26T13:42:03.296592,23,31.6,69,1,intrusion
2026-09-26T13:42:05.321997,23,31.6,69,0,intrusion
2026-09-26T13:42:07.346413,23,31.6,69,0,intrusion
2026-09-26T13:42:09.371703,23,31.6,68.9,1,intrusion
2026-09-26T13:42:11.396953,23,31.6,68.9,1,intrusion
2026-09-26T13:42:13.422367,23,31.6,68.8,1,intrusion
2026-09-26T13:42:15.447620,23,31.6,68.8,1,intrusion
2026-09-26T13:42:17.472609,23,31.6,68.8,1,intrusion
2026-09-26T13:42:19.497972,23,31.6,68.7,0,intrusion
2026-09-26T13:42:21.522910,23,31.6,68.7,0,intrusion
2026-09-26T13:42:23.548455,23,31.6,68.7,1,intrusion
2026-09-26T13:42:25.573364,23,31.6,68.6,0,intrusion
2026-09-26T13:42:27.598631,23,31.6,68.6,0,intrusion
2026-09-26T13:42:29.623576,23,31.6,68.6,0,intrusion
2026-09-26T13:42:31.649286,23,31.6,68.5,1,intrusion
2026-09-26T13:42:33.674383,23,31.6,68.6,0,intrusion
2026-09-26T13:42:35.699754,23,31.6,68.6,1,intrusion
2026-09-26T13:42:37.724696,23,31.6,68.5,1,intrusion
2026-09-26T13:42:39.750107,23,31.6,68.5,0,intrusion
2026-09-26T13:42:41.774831,23,31.6,68.4,1,intrusion
2026-09-26T13:42:43.800280,23,31.6,68.4,0,intrusion
2026-09-26T13:42:45.825485,23,31.6,68.4,0,intrusion
2026-09-26T13:42:47.850805,23,31.6,68.3,1,intrusion
2026-09-26T13:42:49.875560,23,31.6,68.3,1,intrusion
2026-09-26T13:42:51.900668,23,31.6,68.3,1,intrusion
2026-09-26T13:42:53.925771,23,31.6,68.3,0,intrusion
2026-09-26T13:42:55.951038,23,31.6,68.3,1,intrusion
2026-09-26T13:42:57.975664,23,31.6,68.3,0,intrusion
2026-09-26T13:43:00.000450,23,31.6,68.2,0,intrusion
2026-09-26T13:43:02.026664,23,31.6,68.2,1,intrusion
2026-09-26T13:43:04.051581,23,31.6,68.2,0,intrusion
2026-09-26T13:43:06.077022,23,31.6,68.2,1,intrusion
2026-09-26T13:43:08.102252,23,31.6,68.2,1,intrusion
2026-09-26T13:43:10.127076,23,31.6,68.2,1,intrusion
2026-09-26T16:23:04.172244,16,33.6,63.9,1,normal
2026-09-26T16:23:06.196963,16,33.6,63.9,1,normal
2026-09-26T16:23:08.222396,16,33.6,63.9,1,normal
2026-09-26T16:23:10.247472,16,33.6,63.8,1,normal
2026-09-26T16:23:12.273034,16,33.6,63.8,1,normal
2026-09-26T16:23:14.298259,16,33.6,63.8,1,normal
2026-09-26T16:23:16.324074,16,33.6,63.8,1,normal
2026-09-26T16:23:18.348283,16,33.6,63.8,1,normal
2026-09-26T16:23:20.374476,16,33.6,63.7,1,normal
2026-09-26T16:23:22.399984,16,33.6,63.7,1,normal
2026-09-26T16:23:24.425044,16,33.6,63.7,1,normal
2026-09-26T16:23:26.450030,16,33.6,63.7,1,normal
2026-09-26T16:23:28.475768,16,33.6,63.7,1,normal
2026-09-26T16:23:30.501219,16,33.6,63.7,1,normal
2026-09-26T16:23:32.526178,16,33.6,63.7,1,normal
2026-09-26T16:23:34.551199,16,33.6,63.7,1,normal
2026-09-26T16:23:36.576902,16,33.6,63.6,1,normal
2026-09-26T16:23:38.601511,16,33.6,63.7,1,normal
2026-09-26T16:23:40.626729,16,33.6,63.7,1,normal
2026-09-26T16:23:42.652189,16,33.6,63.7,1,normal
2026-09-26T16:23:44.677896,16,33.6,63.7,1,normal
2026-09-26T16:23:46.702893,16,33.6,63.8,1,normal
2026-09-26T16:23:48.727900,16,33.6,63.8,1,normal
2026-09-26T16:23:50.753221,16,33.6,63.8,1,normal
2026-09-26T16:23:52.778352,16,33.6,63.8,1,normal
2026-09-26T16:23:54.804043,16,33.6,63.9,1,normal
2026-09-26T16:23:56.829429,16,33.6,63.9,1,normal
2026-09-26T16:23:58.854187,16,33.6,63.9,1,normal
2026-09-26T16:24:00.879024,16,33.6,64,1,normal
2026-09-26T16:24:02.904508,16,33.6,64,1,normal
2026-09-26T16:24:04.928866,16,33.6,64,1,normal
2026-09-26T16:24:06.954350,16,33.6,64,1,normal
2026-09-26T16:24:08.979488,16,33.6,64,1,normal
2026-09-26T16:24:11.003701,16,33.6,64,1,normal
2026-09-26T16:24:13.028654,16,33.6,64,1,normal
2026-09-26T16:24:15.053495,16,33.6,64,1,normal
2026-09-26T16:24:17.078825,16,33.6,64,1,normal
2026-09-26T16:24:19.103533,16,33.6,64,1,normal
2026-09-26T16:24:21.128348,16,33.6,64,1,normal
2026-09-26T16:24:23.153089,16,33.6,64,1,normal
2026-09-26T16:24:25.178247,16,33.6,64,1,normal
2026-09-26T16:24:27.203081,16,33.6,64,1,normal
2026-09-26T16:24:29.227846,16,33.6,64,1,normal
2026-09-26T16:24:31.252880,16,33.6,64.1,1,normal
2026-09-26T16:24:33.277732,16,33.6,64.1,1,normal
2026-09-26T16:24:35.302519,16,33.6,64.1,1,normal
2026-09-26T16:24:37.328140,16,33.6,64.2,1,normal
2026-09-26T16:24:39.352328,16,33.6,64.2,1,normal
2026-09-26T16:24:41.377387,16,33.6,64.2,1,normal
2026-09-26T16:24:43.402360,16,33.6,64.2,1,normal
2026-09-26T16:24:45.427448,16,33.6,64.2,1,normal
2026-09-26T16:24:47.452860,16,33.6,64.2,1,normal
2026-09-26T16:24:49.477087,16,33.6,64.2,1,normal
2026-09-26T16:24:51.501918,16,33.6,64.2,1,normal
2026-09-26T16:24:53.527585,16,33.6,64.2,1,normal
2026-09-26T16:24:55.551770,16,33.6,64.2,1,normal
2026-09-26T16:24:57.576972,16,33.6,64.2,1,normal
2026-09-26T16:24:59.600961,16,33.6,64.3,1,normal
2026-09-26T16:25:01.626044,16,33.6,64.3,1,normal
2026-09-26T16:25:03.651011,16,33.6,64.3,1,normal
2026-09-26T16:25:05.676662,16,33.7,64.4,1,normal
2026-09-26T16:25:07.702348,16,33.6,64.4,1,normal
2026-09-26T16:25:09.726805,16,33.6,64.4,1,normal
2026-09-26T16:25:11.751732,16,33.6,64.4,1,normal
2026-09-26T16:25:13.776384,16,33.6,64.4,1,normal
2026-09-26T16:25:15.801667,16,33.6,64.5,1,normal
2026-09-26T16:25:17.826804,16,33.6,64.4,1,normal
2026-09-26T16:25:19.851302,16,33.6,64.4,1,normal
2026-09-26T16:25:21.876618,16,33.6,64.4,1,normal
2026-09-26T16:25:23.901293,16,33.6,64.4,1,normal
2026-09-26T16:25:25.926250,16,33.6,64.4,1,normal
2026-09-26T16:25:27.951055,16,33.6,64.3,1,normal
2026-09-26T16:25:29.976237,16,33.6,64.2,1,normal
2026-09-26T16:25:32.000906,16,33.6,64.2,1,normal
2026-09-26T16:25:34.025905,16,33.6,64.1,1,normal
2026-09-26T16:25:36.050710,16,33.6,64.1,1,normal
2026-09-26T16:25:38.076174,16,33.6,64,1,normal
2026-09-26T16:25:40.100966,16,33.6,64,1,normal
2026-09-26T16:25:42.125551,16,33.6,64,1,normal
2026-09-26T16:25:44.150402,16,33.6,64,1,normal
2026-09-26T16:25:46.175489,16,33.6,64,1,normal
2026-09-26T16:25:48.200759,16,33.6,64,1,normal
2026-09-26T16:25:50.224278,16,33.6,64,1,normal
2026-09-26T16:25:52.250777,16,33.6,64,1,normal
2026-09-26T16:25:54.275104,16,33.6,64,1,normal
2026-09-26T16:25:56.299399,16,33.6,63.9,1,normal
2026-09-26T16:25:58.325572,16,33.6,63.9,1,normal
2026-09-26T16:26:00.351510,16,33.6,63.9,1,normal
2026-09-26T16:26:02.375295,16,33.6,63.9,1,normal
2026-09-26T16:26:04.401314,16,33.6,63.9,1,normal
2026-09-26T16:26:06.426641,16,33.6,63.9,1,normal
2026-09-26T16:26:08.451520,16,33.6,63.9,1,normal
2026-09-26T16:26:10.476593,16,33.6,63.9,1,normal
2026-09-26T16:26:12.502101,16,33.6,63.9,1,normal
2026-09-26T16:26:14.528160,16,33.6,63.9,1,normal
2026-09-26T16:26:16.552747,16,33.6,63.9,1,normal
2026-09-26T16:26:18.578594,16,33.6,63.9,1,normal
2026-09-26T16:26:20.603762,16,33.6,63.9,1,normal
2026-09-26T16:26:22.628773,16,33.6,64,1,normal
2026-09-26T16:26:24.654337,16,33.6,64,1,normal
2026-09-26T16:26:26.678404,16,33.6,64,1,normal
2026-09-26T16:26:28.702554,16,33.6,64,1,normal
2026-09-26T16:26:30.727437,16,33.6,64,1,normal
2026-09-26T16:26:32.752850,16,33.6,63.9,1,normal
2026-09-26T16:26:34.779061,16,33.6,63.9,1,normal
2026-09-26T16:26:36.804026,16,33.6,63.9,1,normal
2026-09-26T16:26:38.829586,16,33.6,63.9,1,normal
2026-09-26T16:26:40.854374,16,33.6,64,1,normal
2026-09-26T16:26:42.879895,16,33.6,63.9,1,normal
2026-09-26T16:26:44.904495,16,33.6,64,1,normal
2026-09-26T16:26:46.929534,16,33.6,64,1,normal
2026-09-26T16:26:48.954380,16,33.6,64,1,normal
2026-09-26T16:26:50.979792,16,33.6,64,1,normal
2026-09-26T16:26:53.004591,16,33.6,64,1,normal
2026-09-26T16:26:55.029677,16,33.6,64,1,normal
2026-09-26T16:26:57.054759,16,33.6,64,1,normal
2026-09-26T16:26:59.079334,16,33.6,64,1,normal
2026-09-26T16:27:01.103904,16,33.6,64,1,normal
2026-09-26T16:27:03.130090,16,33.6,63.9,1,normal
2026-09-26T16:27:05.154453,16,33.6,63.9,1,normal
2026-09-26T16:27:07.180129,16,33.6,63.9,1,normal
2026-09-26T16:27:09.205268,16,33.6,63.9,1,normal
2026-09-26T16:27:11.230254,16,33.6,64,1,normal
2026-09-26T16:27:13.255451,16,33.6,64,1,normal
2026-09-26T16:27:15.280131,16,33.6,64,1,normal
2026-09-26T16:27:17.304928,16,33.5,64,1,normal
2026-09-26T16:27:19.329989,16,33.5,64,1,normal
2026-09-26T16:27:21.354454,16,33.5,64,1,normal
2026-09-26T16:27:23.379934,16,33.5,64,1,normal
2026-09-26T16:27:25.404206,16,33.5,64,1,normal
2026-09-26T16:27:27.429041,16,33.5,64,1,normal
2026-09-26T16:27:29.454292,16,33.5,63.9,1,normal
2026-09-26T16:27:31.479913,16,33.5,63.9,1,normal
2026-09-26T16:27:33.505330,16,33.5,63.9,1,normal
2026-09-26T16:27:35.530094,16,33.5,63.9,1,normal
2026-09-26T16:27:37.555151,16,33.5,63.9,1,normal
2026-09-26T16:27:39.581125,16,33.5,63.9,1,normal
2026-09-26T16:27:41.606612,16,33.5,63.9,1,normal
2026-09-26T16:27:43.631468,16,33.5,63.9,1,normal
2026-09-26T16:27:45.657071,16,33.5,63.9,1,normal
2026-09-26T16:27:47.682114,16,33.5,63.9,1,normal
2026-09-26T16:27:49.707666,16,33.5,63.9,1,normal
2026-09-26T16:27:51.733222,16,33.5,63.9,1,normal
2026-09-26T16:27:53.757464,16,33.5,63.8,1,normal
2026-09-26T16:27:55.783000,16,33.5,63.9,1,normal
2026-09-26T16:27:57.808569,16,33.5,63.8,1,normal
2026-09-26T16:27:59.834839,16,33.5,63.9,1,normal
2026-09-26T16:28:01.859037,16,33.5,63.9,1,normal
2026-09-26T16:28:03.883937,16,33.5,63.9,1,normal
2026-09-26T16:28:05.909992,16,33.5,63.9,1,normal
2026-09-26T16:28:07.934080,16,33.6,64,1,normal
2026-09-26T16:28:09.959434,16,33.5,64,1,normal
2026-09-26T16:28:11.984945,16,33.5,64,1,normal
2026-09-26T16:28:14.009551,16,33.5,64,1,normal
2026-09-26T16:28:16.034072,16,33.5,64,1,normal
2026-09-26T16:28:18.058941,16,33.5,64,1,normal
2026-09-26T16:28:20.084400,16,33.5,64,1,normal
2026-09-26T16:28:22.108894,16,33.5,64,1,normal
2026-09-26T16:28:24.133930,16,33.5,64,1,normal
2026-09-26T16:28:26.158970,16,33.5,64,1,normal
2026-09-26T16:28:28.183966,16,33.5,64,1,normal
2026-09-26T16:28:30.208781,16,33.5,64.1,1,normal
2026-09-26T16:28:32.233245,16,33.5,64.1,1,normal
2026-09-26T16:28:34.258323,16,33.5,64.1,1,normal
2026-09-26T16:28:36.283027,16,33.4,64.1,1,normal
2026-09-26T16:28:38.307953,16,33.4,64.1,1,normal
2026-09-26T16:28:40.333135,16,33.4,64.1,1,normal
2026-09-26T16:28:42.357661,16,33.4,64.2,1,normal
2026-09-26T16:28:44.382521,16,33.4,64.1,1,normal
2026-09-26T16:28:46.407546,16,33.4,64.2,1,normal
2026-09-26T16:28:48.432413,16,33.4,64.2,1,normal
2026-09-26T16:28:50.458103,16,33.4,64.2,1,normal
2026-09-26T16:28:52.482525,16,33.4,64.2,1,normal
2026-09-26T16:28:54.507288,16,33.4,64.2,1,normal
2026-09-26T16:28:56.532403,16,33.4,64.2,1,normal
2026-09-26T16:28:58.557101,16,33.4,64.2,1,normal
2026-09-26T16:29:00.581991,16,33.4,64.2,1,normal
2026-09-26T16:29:02.607152,16,33.4,64.3,1,normal
2026-09-26T16:29:04.632095,16,33.4,64.3,1,normal
2026-09-26T16:29:06.656001,16,33.4,64.4,1,normal
2026-09-26T16:29:08.681960,16,33.4,64.4,1,normal
2026-09-26T16:29:10.707060,16,33.4,64.4,1,normal
2026-09-26T16:29:12.731173,16,33.4,64.4,1,normal
2026-09-26T16:29:14.756121,16,33.4,64.5,1,normal
2026-09-26T16:29:16.781090,16,33.4,64.5,1,normal
2026-09-26T16:29:18.806346,16,33.4,64.5,1,normal
2026-09-26T16:29:20.830340,16,33.4,64.5,1,normal
2026-09-26T16:29:22.855414,16,33.4,64.5,1,normal
2026-09-26T16:29:24.879793,16,33.4,64.5,1,normal
2026-09-26T16:29:26.904797,16,33.4,64.6,1,normal
2026-09-26T16:29:28.929958,16,33.4,64.6,1,normal
2026-09-26T16:29:30.955360,16,33.4,64.6,1,normal
2026-09-26T16:29:32.980368,16,33.4,64.6,1,normal
2026-09-26T16:29:35.004758,16,33.4,64.6,1,normal
2026-09-26T16:29:37.029625,16,33.4,64.7,1,normal
2026-09-26T16:29:39.054849,16,33.4,64.6,1,normal
2026-09-26T16:29:41.080540,16,33.4,64.7,1,normal
2026-09-26T16:29:43.105040,16,33.4,64.7,1,normal
2026-09-26T16:29:45.130242,16,33.4,64.8,1,normal
2026-09-26T16:29:47.154884,16,33.4,64.8,1,normal
2026-09-26T16:29:49.180225,16,33.4,64.9,1,normal
2026-09-26T16:29:51.204856,16,33.4,64.9,1,normal
2026-09-26T16:29:53.231727,16,33.4,64.9,1,normal
2026-09-26T16:29:55.254824,16,33.4,64.9,1,normal
2026-09-26T16:29:57.280298,16,33.4,64.9,1,normal
2026-09-26T16:29:59.304700,16,33.4,65,1,normal
2026-09-26T16:30:01.329465,16,33.4,65,1,normal
2026-09-26T16:30:03.354803,16,33.4,65,1,normal
2026-09-26T16:30:05.378848,16,33.4,65,1,normal
2026-09-26T16:30:07.404034,16,33.5,65,1,normal
2026-09-26T16:30:09.429021,16,33.4,65,1,normal
2026-09-26T16:30:11.454193,16,33.4,65.1,1,normal
2026-09-26T16:30:13.479116,16,33.4,65.1,1,normal
2026-09-26T16:30:15.503523,16,33.4,65.2,1,normal
2026-09-26T16:30:17.528718,16,33.4,65.2,1,normal
2026-09-26T16:30:19.553203,16,33.4,65.2,1,normal
2026-09-26T16:30:21.578183,16,33.4,65.2,1,normal
2026-09-26T16:30:23.603370,16,33.4,65.2,1,normal
2026-09-26T16:30:25.628301,16,33.4,65.2,1,normal
2026-09-26T16:30:27.653589,16,33.4,65.2,1,normal
2026-09-26T16:30:29.677751,16,33.4,65.2,1,normal
2026-09-26T16:30:31.702855,16,33.4,65.2,1,normal
2026-09-26T16:30:33.728019,16,33.4,65.2,1,normal
2026-09-26T16:30:35.752486,16,33.4,65.2,1,normal
2026-09-26T16:30:37.778285,16,33.5,65.3,1,normal
2026-09-26T16:30:39.802248,16,33.4,65.2,1,normal
2026-09-26T16:30:41.827371,16,33.4,65.2,1,normal
2026-09-26T16:30:43.852799,16,33.4,65.2,1,normal
2026-09-26T16:30:45.877530,16,33.4,65.2,1,normal
2026-09-26T16:30:47.902112,16,33.4,65.2,1,normal
2026-09-26T16:30:49.926909,16,33.4,65.2,1,normal
2026-09-26T16:30:51.951320,16,33.4,65.2,1,normal
2026-09-26T16:30:53.976876,16,33.4,65.2,1,normal
2026-09-26T16:30:56.002066,16,33.4,65.2,1,normal
2026-09-26T16:30:58.026647,16,33.4,65.2,1,normal
2026-09-26T16:31:00.052017,16,33.4,65.2,1,normal
2026-09-26T16:31:02.076017,16,33.4,65.2,1,normal
2026-09-26T16:31:04.101507,16,33.4,65.1,1,normal
2026-09-26T16:31:06.126101,16,33.4,65.1,1,normal
2026-09-26T16:31:08.151070,16,33.4,65.1,1,normal
2026-09-26T16:31:10.176390,16,33.4,65.1,1,normal
2026-09-26T16:31:12.200882,16,33.4,65.1,1,normal
2026-09-26T16:31:14.226198,16,33.4,65.1,1,normal
2026-09-26T16:31:16.251371,16,33.4,65.1,1,normal
2026-09-26T16:31:18.276284,16,33.4,65.1,1,normal
2026-09-26T16:31:20.301041,16,33.4,65.1,1,normal
2026-09-26T16:31:22.325729,16,33.4,65.2,1,normal
2026-09-26T16:31:24.350449,16,33.4,65.2,1,normal
2026-09-26T16:31:26.376053,16,33.4,65.2,1,normal
2026-09-26T16:31:28.400524,16,33.4,65.2,1,normal
2026-09-26T16:31:30.425426,16,33.4,65.2,1,normal
2026-09-26T16:31:32.450329,16,33.3,65.2,1,normal
2026-09-26T16:31:34.475218,16,33.3,65.3,1,normal
2026-09-26T16:31:36.500046,16,33.3,65.3,1,normal
2026-09-26T16:31:38.525396,16,33.3,65.2,1,normal
2026-09-26T16:31:40.550146,16,33.3,65.3,1,normal
2026-09-26T16:31:42.575375,16,33.3,65.4,1,normal
2026-09-26T16:31:44.599935,16,33.3,65.4,1,normal
2026-09-26T16:31:46.625056,16,33.3,65.4,1,normal
2026-09-26T16:31:48.650387,16,33.3,65.4,1,normal
2026-09-26T16:31:50.675342,16,33.3,65.4,1,normal
2026-09-26T16:31:52.699852,16,33.3,65.4,1,normal
2026-09-26T16:31:54.724652,16,33.3,65.4,1,normal
2026-09-26T16:31:56.749743,16,33.3,65.4,1,normal
2026-09-26T16:31:58.776061,16,33.3,65.4,1,normal
2026-09-26T16:32:00.799689,16,33.3,65.4,1,normal
2026-09-26T16:32:02.825542,16,33.3,65.4,1,normal
2026-09-26T16:32:04.849815,16,33.3,65.4,1,normal
2026-09-26T16:32:06.875267,16,33.3,65.5,1,normal
2026-09-26T16:32:08.899688,16,33.4,65.5,1,normal
2026-09-26T16:32:10.924492,16,33.3,65.4,1,normal
2026-09-26T16:32:12.950237,16,33.3,65.5,1,normal
2026-09-26T16:32:14.975292,16,33.3,65.5,1,normal
2026-09-26T16:32:16.999976,16,33.3,65.5,1,normal
2026-09-26T16:32:19.025238,16,33.3,65.6,1,normal
2026-09-26T16:32:21.049942,16,33.3,65.6,1,normal
2026-09-26T16:32:23.075032,16,33.3,65.6,1,normal
2026-09-26T16:32:25.100257,16,33.3,65.6,1,normal
2026-09-26T16:32:27.125343,16,33.3,65.6,1,normal
2026-09-26T16:32:29.150320,16,33.3,65.6,1,normal
2026-09-26T16:32:31.175291,16,33.3,65.7,1,normal
2026-09-26T16:32:33.200453,16,33.3,65.7,1,normal
2026-09-26T16:32:35.225543,16,33.4,65.7,1,normal
2026-09-26T16:32:37.251718,16,33.4,65.7,1,normal
2026-09-26T16:32:39.275933,16,33.4,65.7,1,normal
2026-09-26T16:32:41.300736,16,33.4,65.8,1,normal
2026-09-26T16:32:43.325226,16,33.4,65.8,1,normal
2026-09-26T16:32:45.351298,16,33.4,65.8,1,normal
2026-09-26T16:32:47.375459,16,33.4,65.8,1,normal
2026-09-26T16:32:49.400517,16,33.4,65.8,1,normal
2026-09-26T16:32:51.425585,16,33.4,65.8,1,normal
2026-09-26T16:32:53.450162,16,33.4,65.8,1,normal
2026-09-26T16:32:55.475282,16,33.4,65.9,1,normal
2026-09-26T16:32:57.500561,16,33.4,65.9,1,normal
2026-09-26T16:32:59.525544,16,33.4,65.9,1,normal
2026-09-26T16:33:01.550158,16,33.4,65.9,1,normal
2026-09-26T16:33:03.575957,16,33.4,65.9,1,normal
2026-09-26T16:33:05.600351,16,33.4,65.9,1,normal
2026-09-26T16:33:07.624921,16,33.4,65.9,1,normal
2026-09-26T16:33:09.650834,16,33.4,65.9,1,normal
2026-09-26T16:33:11.676171,16,33.4,65.9,1,normal
2026-09-26T16:33:13.701138,16,33.4,65.9,1,normal
2026-09-26T16:33:15.726079,16,33.4,66,1,normal
2026-09-26T16:33:17.751204,16,33.4,66,1,normal
2026-09-26T16:33:19.775172,16,33.4,66,1,normal
2026-09-26T16:33:21.800493,16,33.4,66,1,normal
2026-09-26T16:33:23.825566,16,33.4,66,1,normal
2026-09-26T16:33:25.850220,16,33.4,66,1,normal
2026-09-26T16:33:27.876161,16,33.4,65.9,1,normal
2026-09-26T16:33:29.900815,16,33.4,65.9,1,normal
2026-09-26T16:33:31.925835,16,33.4,65.9,1,normal
2026-09-26T16:33:33.950683,16,33.4,65.9,1,normal
2026-09-26T16:33:35.975566,16,33.4,65.9,1,normal
2026-09-26T16:33:38.000970,16,33.4,65.9,1,normal
2026-09-26T16:33:40.025390,16,33.4,65.8,1,normal
2026-09-26T16:33:42.051457,16,33.4,65.9,1,normal
2026-09-26T16:33:44.075509,16,33.4,65.9,1,normal
2026-09-26T16:33:46.101039,16,33.4,65.8,1,normal
2026-09-26T16:33:48.125561,16,33.4,65.8,1,normal
2026-09-26T16:33:50.150697,16,33.4,65.7,1,normal
2026-09-26T16:33:52.176189,16,33.4,65.6,1,normal
2026-09-26T16:33:54.200592,16,33.4,65.6,1,normal
2026-09-26T16:33:56.225634,16,33.4,65.5,1,normal
2026-09-26T16:33:58.250856,16,33.4,65.5,1,normal
2026-09-26T16:34:00.275987,16,33.4,65.4,1,normal
2026-09-26T16:34:02.300269,16,33.4,65.4,1,normal
2026-09-26T16:34:04.325256,16,33.4,65.3,1,normal
2026-09-26T16:34:06.350681,16,33.4,65.3,1,normal
2026-09-26T16:34:08.376009,16,33.4,65.3,1,normal
2026-09-26T16:34:10.400627,16,33.4,65.2,1,normal
2026-09-26T16:34:12.425432,16,33.4,65.3,1,normal
2026-09-26T16:34:14.450221,16,33.4,65.2,1,normal
2026-09-26T16:34:16.475303,16,33.4,65.3,1,normal
2026-09-26T16:34:18.499892,16,33.4,65.2,1,normal
2026-09-26T16:34:20.525243,16,33.4,65.2,1,normal
2026-09-26T16:34:22.549735,16,33.3,65.2,1,normal
2026-09-26T16:34:24.575278,16,33.3,65.2,1,normal
2026-09-26T16:34:26.599515,16,33.3,65.2,1,normal
2026-09-26T16:34:28.625145,16,33.3,65.2,1,normal
2026-09-26T16:34:30.648763,16,33.3,65.3,1,normal
2026-09-26T16:34:32.674261,16,33.3,65.3,1,normal
2026-09-26T16:34:34.698619,16,33.3,65.3,1,normal
2026-09-26T16:34:36.724108,16,33.3,65.3,1,normal
2026-09-26T16:34:38.748488,16,33.4,65.3,1,normal
2026-09-26T16:34:40.774127,16,33.3,65.3,1,normal
2026-09-26T16:34:42.799238,16,33.3,65.3,1,normal
2026-09-26T16:34:44.824049,16,33.3,65.4,1,normal
2026-09-26T16:34:46.849247,16,33.3,65.4,1,normal
2026-09-26T16:34:48.873491,16,33.3,65.3,1,normal
2026-09-26T16:34:50.898301,16,33.3,65.4,1,normal
2026-09-26T16:34:52.923795,16,33.3,65.4,1,normal
2026-09-26T16:34:54.948936,16,33.3,65.4,1,normal
2026-09-26T16:34:56.973311,16,33.3,65.4,1,normal
2026-09-26T16:34:58.998396,16,33.3,65.4,1,normal
2026-09-26T16:35:01.023704,16,33.3,65.5,1,normal
2026-09-26T16:35:03.048348,16,33.3,65.5,1,normal
2026-09-26T16:35:05.073573,16,33.3,65.5,1,normal
2026-09-26T16:35:07.098347,16,33.3,65.5,1,normal
2026-09-26T16:35:09.123462,16,33.4,65.4,1,normal
2026-09-26T16:35:11.148359,16,33.3,65.5,1,normal
2026-09-26T16:35:13.173439,16,33.3,65.5,1,normal
2026-09-26T16:35:15.198132,16,33.3,65.5,1,normal
2026-09-26T16:35:17.223569,16,33.3,65.5,1,normal
2026-09-26T16:35:19.248247,16,33.3,65.5,1,normal
2026-09-26T16:35:21.273971,16,33.3,65.6,1,normal
2026-09-26T16:35:23.298255,16,33.3,65.6,1,normal
2026-09-26T16:35:25.323518,16,33.3,65.6,1,normal
2026-09-26T16:35:27.348443,16,33.3,65.5,1,normal
2026-09-26T16:35:29.373330,16,33.3,65.5,1,normal
2026-09-26T16:35:31.397839,16,33.3,65.5,1,normal
